Dataset,Latitude,Longitude,day,month,year,depth,Phytoplankton (mg C/m3),Microzooplankton (mg C/m3),notes
Benguela,-25.033,14.767,28,10,0,10,110.8808701,0.18,THIS is a Hacked together dataset
Benguela,-25.017,14.75,28,10,0,5,31.65868993,1.487099945,DO
Benguela,-25,14.733,28,10,0,2,9.431416641,1.694477047,NOT
Benguela,-25.033,14.667,28,10,0,7,47.70613842,16.40495428,PUBLISH
Benguela,-25.017,14.65,28,10,0,2,87.22347155,5.121534044,
Benguela,-25.05,14.467,28,10,0,14,21.73757958,1.03393358,
Benguela,-23.75,14.4,25,10,0,12,66.46271813,2.240861219,
Benguela,-23,14.367,25,10,0,2,207.1617179,6.655838422,
Benguela,-24.267,14.333,25,10,0,12,12.01555482,2.096330528,
Benguela,-24.25,14.317,25,10,0,2,22.3710611,2.21868324,
Benguela,-23,14.3,25,10,0,2,45.51000726,5.317366165,
Benguela,-25.1,14.3,28,10,0,25,10.25232275,2.099539019,
Benguela,-25.083,14.283,28,10,0,2,44.5988876,1.616226631,
Benguela,-22.983,14.217,25,10,0,10,16.44582603,1.934226697,
Benguela,-24,14.167,25,10,0,24,27.21488545,3.100355078,
Benguela,-25.117,14.1,28,10,0,10,289.2091903,8.180810756,
Benguela,-22.983,14.05,25,10,0,10,5.539761443,3.250941853,
Benguela,-25.15,13.917,28,10,0,10,33.97699722,1.972654541,
Benguela,-22.983,13.867,24,10,0,10,52.64934191,3.716467804,
Benguela,-21.75,13.85,22,10,0,2,35.70937244,4.598569924,
Benguela,-25.583,13.733,28,10,0,2,397.7627773,3.371474074,
Benguela,-23,13.683,24,10,0,10,32.35021125,11.11951733,
Benguela,-21.25,13.583,22,10,0,5,28.99707024,3.401151879,
Benguela,-21.25,13.583,22,10,0,1,64.9581452,4.247726759,
Benguela,-21.3,13.5,21,10,0,10,30.96875097,4.594004232,
Benguela,-22.983,13.5,24,10,0,10,38.80097036,2.822346824,
Benguela,-21.383,13.35,21,10,0,10,55.07404798,5.64374915,
Benguela,-21.467,13.183,21,10,0,10,26.58712638,2.652231132,
Benguela,-21.533,13.033,21,10,0,10,40.98245934,4.025576996,
Benguela,-25.3,13,27,10,0,20,36.5295185,2.989116429,
Benguela,-22.983,12.95,24,10,0,10,99.7744797,3.273376699,
Benguela,-21.617,12.867,21,10,0,10,248.8250724,4.041042317,
Benguela,-25.333,12.817,27,10,0,10,12.5725139,15.10116122,
Benguela,-22.983,12.75,24,10,0,2,36.59617299,3.892745979,
Benguela,-19.8,12.733,19,10,0,2,45.62793809,5.06070301,
Benguela,-19.867,12.583,19,10,0,30,28.22006685,5.208001761,
Benguela,-19.95,12.417,19,10,0,10,14.7040398,6.122883725,
Benguela,-21.867,12.4,21,10,0,10,576.0233718,15.75228131,
Benguela,-20.017,12.267,19,10,0,20,720.1629503,47.99657245,
Benguela,-21.95,12.25,21,10,0,20,53.38744499,7.195294295,
Benguela,-18.75,12.2,17,10,0,10,118.0549646,7.710022292,
Benguela,-18.8,12.133,17,10,0,10,419.1279546,14.74030978,
Benguela,-25.467,12.1,26,10,0,2,62.91010364,9.197076782,
Benguela,-18.917,12,16,10,0,10,253.3082463,23.46637459,
Benguela,-20.2,11.9,18,10,0,20,322.742223,9.17108572,
Benguela,-19.033,11.867,16,10,0,10,15.39532003,12.71037238,
Benguela,-20.25,11.783,18,10,0,20,60.60930896,13.05648895,
Benguela,-19.183,11.75,16,10,0,10,105.9214475,14.71594381,
Benguela,-20.283,11.717,18,10,0,20,47.62546144,14.96511622,
Benguela,-19.267,11.617,16,10,0,2,15.97374758,18.12031606,
Benguela,-19.483,11.367,15,10,0,20,13.75754145,26.40102161,Mesocosm set 1.5
Bergen_mesocosms,60.283,5.167,6,6,0,1.5,118.3931936,0.564199537,Mesocosm set 1.5
Bergen_mesocosms,60.283,5.167,8,6,0,1.5,108.3770413,2.361249699,Mesocosm set 1.5
Bergen_mesocosms,60.283,5.167,10,6,0,1.5,88.66189972,1.260428513,Mesocosm set 1.5
Bergen_mesocosms,60.283,5.167,12,6,0,1.5,109.7069436,1.320403232,Mesocosm set 1.5
Bergen_mesocosms,60.283,5.167,14,6,0,1.5,135.492577,1.589158535,Mesocosm set 1.5
Bergen_mesocosms,60.283,5.167,16,6,0,1.5,258.0485041,1.884800675,Mesocosm set 1.5
Bergen_mesocosms,60.283,5.167,18,6,0,1.5,250.7717306,2.039751745,Mesocosm set 1.5
Bergen_mesocosms,60.283,5.167,20,6,0,1.5,171.2961446,1.923915486,Mesocosm set 1.5
Bergen_mesocosms,60.283,5.167,22,6,0,1.5,152.7118354,6.505539247,Mesocosm set 1.5
Bergen_mesocosms,60.283,5.167,24,6,0,1.5,111.161337,3.975204427,Mesocosm set 1.5
Bergen_mesocosms,60.283,5.167,6,6,0,1.5,167.3820634,4.11394183,Mesocosm set 1.5
Bergen_mesocosms,60.283,5.167,8,6,0,1.5,165.9966743,3.543940089,Mesocosm set 1.5
Bergen_mesocosms,60.283,5.167,10,6,0,1.5,133.1527717,6.733553069,Mesocosm set 1.5
Bergen_mesocosms,60.283,5.167,12,6,0,1.5,235.2781557,3.053163368,Mesocosm set 1.5
Bergen_mesocosms,60.283,5.167,14,6,0,1.5,689.1597789,4.728079197,Mesocosm set 1.5
Bergen_mesocosms,60.283,5.167,16,6,0,1.5,90.5316901,5.210573246,Mesocosm set 1.5
Bergen_mesocosms,60.283,5.167,18,6,0,1.5,193.0092384,6.423381293,Mesocosm set 1.5
Bergen_mesocosms,60.283,5.167,20,6,0,1.5,73.71509814,7.774485109,Mesocosm set 1.5
Bergen_mesocosms,60.283,5.167,22,6,0,1.5,46.64144831,4.183674177,Mesocosm set 1.5
Bergen_mesocosms,60.283,5.167,24,6,0,1.5,49.56784794,5.229014907,Mesocosm set 1.5
Bergen_mesocosms,60.283,5.167,6,6,0,1.5,108.6639004,8.769295833,Mesocosm set 1.5
Bergen_mesocosms,60.283,5.167,8,6,0,1.5,183.2509176,4.769038868,Mesocosm set 1.5
Bergen_mesocosms,60.283,5.167,10,6,0,1.5,88.92571962,8.380743568,Mesocosm set 1.5
Bergen_mesocosms,60.283,5.167,12,6,0,1.5,55.80243767,6.609993947,Mesocosm set 1.5
Bergen_mesocosms,60.283,5.167,14,6,0,1.5,185.1373483,9.114198254,Mesocosm set 1.5
Bergen_mesocosms,60.283,5.167,16,6,0,1.5,108.9570535,10.0969932,Mesocosm set 1.5
Bergen_mesocosms,60.283,5.167,18,6,0,1.5,143.0747147,18.09097185,Mesocosm set 1.5
Bergen_mesocosms,60.283,5.167,20,6,0,1.5,466.6064578,11.05316366,Mesocosm set 1.5
Bergen_mesocosms,60.283,5.167,22,6,0,1.5,810.7441571,11.57610257,Mesocosm set 1.5
Bergen_mesocosms,60.283,5.167,24,6,0,1.5,201.9239394,112.1509547,Mesocosm set 1.5
Bergen_mesocosms,60.283,5.167,6,6,0,1.5,403.5183029,13.30226384,Mesocosm set 1.5
Bergen_mesocosms,60.283,5.167,8,6,0,1.5,153.5265296,16.35552776,Mesocosm set 1.5
Bergen_mesocosms,60.283,5.167,10,6,0,1.5,110.2455765,15.79971021,Mesocosm set 1.5
Bergen_mesocosms,60.283,5.167,12,6,0,1.5,37.50625095,14.776209,Mesocosm set 1.5
Bergen_mesocosms,60.283,5.167,14,6,0,1.5,119.6979092,31.63792756,Mesocosm set 1.5
Bergen_mesocosms,60.283,5.167,16,6,0,1.5,216.7091944,18.28391419,Mesocosm set 1.5
Bergen_mesocosms,60.283,5.167,18,6,0,1.5,118.8809957,23.83933676,Mesocosm set 1.5
Bergen_mesocosms,60.283,5.167,20,6,0,1.5,144.3371312,18.95150412,Mesocosm set 1.5
Bergen_mesocosms,60.283,5.167,22,6,0,1.5,202.0423595,20.85178135,Mesocosm set 1.5
Bergen_mesocosms,60.283,5.167,24,6,0,1.5,74.38820484,27.21988423,Mesocosm set 1.5
Bergen_mesocosms,60.283,5.167,21,6,0,1.5,504.0985837,28.18563024,Mesocosm set 1.5
Bergen_mesocosms,60.283,5.167,22,6,0,1.5,93.65219754,31.09442921,Mesocosm set 1.5
Bergen_mesocosms,60.283,5.167,23,6,0,1.5,270.8600219,33.55677995,Mesocosm set 1.5
Bergen_mesocosms,60.283,5.167,21,6,0,1.5,92.50102062,33.01362135,Mesocosm set 1.5
Bergen_mesocosms,60.283,5.167,22,6,0,1.5,451.1988874,39.46009308,
English_Channel,50.25,-4.217,12,10,92,5,23.92415465,16.6809263,
English_Channel,50.25,-4.217,26,10,92,5,23.17898171,11.03570329,
English_Channel,50.25,-4.217,3,11,92,5,20.13251075,10.86639406,
English_Channel,50.25,-4.217,10,11,92,5,21.81278803,13.58362101,
English_Channel,50.25,-4.217,16,11,92,5,21.3647223,7.088148593,
English_Channel,50.25,-4.217,8,12,92,5,12.16381635,7.509778431,
English_Channel,50.25,-4.217,14,12,92,5,12.08398484,4.335483278,
English_Channel,50.25,-4.217,4,1,93,5,11.05158159,3.141598178,
English_Channel,50.25,-4.217,18,1,93,5,10.2133037,5.331567499,
English_Channel,50.25,-4.217,25,1,93,5,6.542714811,1.757795929,
English_Channel,50.25,-4.217,1,2,93,5,73.04468338,4.668657315,
English_Channel,50.25,-4.217,8,2,93,5,16.77901581,4.715917324,
English_Channel,50.25,-4.217,15,2,93,5,11.29443353,5.106888657,
English_Channel,50.25,-4.217,22,2,93,5,17.7520573,9.603165537,
English_Channel,50.25,-4.217,1,3,93,5,16.47315059,11.4626284,
English_Channel,50.25,-4.217,8,3,93,5,7.462850041,5.04734587,
English_Channel,50.25,-4.217,15,3,93,5,29.3872402,22.7744884,
English_Channel,50.25,-4.217,23,3,93,5,32.01237921,14.59954441,
English_Channel,50.25,-4.217,13,4,93,5,70.78807791,35.57769982,
English_Channel,50.25,-4.217,19,4,93,5,116.129961,28.46271037,
English_Channel,50.25,-4.217,26,4,93,5,52.12463965,17.99503537,
English_Channel,50.25,-4.217,4,5,93,5,40.34496532,34.98547877,
English_Channel,50.25,-4.217,10,5,93,5,45.95446108,15.19308305,
English_Channel,50.25,-4.217,18,5,93,5,80.22202932,42.9115858,
English_Channel,50.25,-4.217,25,5,93,5,128.1701048,108.0627204,
English_Channel,50.25,-4.217,2,6,93,5,48.34196891,18.34345178,
English_Channel,50.25,-4.217,8,6,93,5,78.00949116,52.3013956,
English_Channel,50.25,-4.217,14,6,93,5,154.8056354,100.7311843,
English_Channel,50.25,-4.217,21,6,93,5,219.8645318,162.6361599,
English_Channel,50.25,-4.217,28,6,93,5,677.6633759,129.2185891,
English_Channel,50.25,-4.217,5,7,93,5,258.1313425,9.880315208,
English_Channel,50.25,-4.217,19,7,93,5,243.8148536,24.14918278,
English_Channel,50.25,-4.217,26,7,93,5,30.79234842,24.27256956,
English_Channel,50.25,-4.217,3,8,93,5,135.6563482,119.5275894,
English_Channel,50.25,-4.217,12,8,93,5,151.1405292,148.1974398,
English_Channel,50.25,-4.217,19,8,93,5,78.68587379,25.57243577,
English_Channel,50.25,-4.217,23,8,93,5,56.1627385,22.5526431,
English_Channel,50.25,-4.217,31,8,93,5,74.85701342,45.13457552,
English_Channel,50.25,-4.217,6,9,93,5,38.66180173,5.777690046,
English_Channel,50.25,-4.217,27,9,93,5,79.0451411,12.4433428,
English_Channel,50.25,-4.217,7,10,93,5,36.18176166,6.107158054,
English_Channel,50.25,-4.217,11,10,93,5,34.00906469,18.5105067,
English_Channel,50.25,-4.217,19,10,93,5,25.805032,15.1051287,
English_Channel,50.25,-4.217,26,10,93,5,16.5912,6.3370852,
English_Channel,50.25,-4.217,1,11,93,5,15.885496,5.8187084,
English_Channel,50.25,-4.217,8,11,93,5,19.044178,6.6590132,
English_Channel,50.25,-4.217,15,11,93,5,16.340714,1.7494583,
English_Channel,50.25,-4.217,30,11,93,5,13.392288,0.4460495,
English_Channel,50.25,-4.217,6,12,93,5,13.012752,0.1809721,
English_Channel,50.25,-4.217,4,1,94,5,17.533024,0.5803562,
English_Channel,50.25,-4.217,17,1,94,5,15.6680902,1.8368578,
English_Channel,50.25,-4.217,31,1,94,5,9.106921,1.3984888,
English_Channel,50.25,-4.217,7,2,94,5,13.829776,2.4089748,
English_Channel,50.25,-4.217,15,2,94,5,11.168664,2.0433822,
English_Channel,50.25,-4.217,23,2,94,5,10.211172,4.9996233,
English_Channel,50.25,-4.217,28,2,94,5,11.164502,6.0750537,
English_Channel,50.25,-4.217,5,3,94,6,10.217542,6.8727798,
English_Channel,50.25,-4.217,11,3,94,5,18.47722917,6.698275,
English_Channel,50.25,-4.217,14,3,94,5,18.94420109,7.647024,
English_Channel,50.25,-4.217,21,3,94,5,19.043259,20.9444514,
English_Channel,50.25,-4.217,29,3,94,5,16.203277,16.1891556,
English_Channel,50.25,-4.217,11,4,94,5,44.13852109,17.7954423,
English_Channel,50.25,-4.217,18,4,94,5,110.5305419,36.9618521,
English_Channel,50.25,-4.217,26,4,94,5,243.3340431,29.0204119,
English_Channel,50.25,-4.217,4,5,94,5,67.17310659,35.8672487,
English_Channel,50.25,-4.217,10,5,94,5,44.92384133,20.1842942,
English_Channel,50.25,-4.217,16,5,94,5,23.43478644,12.5367681,
English_Channel,50.25,-4.217,23,5,94,5,81.7073505,36.0944128,
English_Channel,50.25,-4.217,1,6,94,5,54.40718037,19.9037532,
English_Channel,50.25,-4.217,6,6,94,5,70.66480539,26.3867955,
English_Channel,50.25,-4.217,13,6,94,5,36.869752,41.3539013,
English_Channel,50.25,-4.217,20,6,94,5,34.67499779,17.2231552,
English_Channel,50.25,-4.217,27,6,94,5,94.31479563,40.76649,
English_Channel,50.25,-4.217,4,7,94,5,101.2333145,39.7925839,
English_Channel,50.25,-4.217,14,7,94,5,209.405816,143.086009,
English_Channel,50.25,-4.217,19,7,94,5,325.3774098,40.7773331,
English_Channel,50.25,-4.217,1,8,94,5,578.5330667,55.5732342,
English_Channel,50.25,-4.217,8,8,94,5,211.5061955,29.6563067,
English_Channel,50.25,-4.217,15,8,94,5,102.0894443,38.6058664,
English_Channel,50.25,-4.217,22,8,94,5,56.89875791,12.762136,
English_Channel,50.25,-4.217,30,8,94,5,88.733054,64.0147696,
English_Channel,50.25,-4.217,5,9,94,5,48.449876,24.253541,
English_Channel,50.25,-4.217,12,9,94,5,49.36615,20.904132,
English_Channel,50.25,-4.217,19,9,94,5,36.557758,12.9950613,
English_Channel,50.25,-4.217,26,9,94,5,58.856839,41.0018813,
English_Channel,50.25,-4.217,11,6,95,5,128.804756,45.2642251,
English_Channel,50.25,-4.217,19,6,95,5,44.119088,17.2631554,
English_Channel,50.25,-4.217,26,6,95,5,91.809267,28.4469768,
English_Channel,50.25,-4.217,3,7,95,5,55.63324196,27.8647995,
English_Channel,50.25,-4.217,17,7,95,5,74.75950179,52.4884507,
English_Channel,50.25,-4.217,24,7,95,5,257.93271,48.1536283,
English_Channel,50.25,-4.217,31,7,95,5,27.789714,13.2033392,
English_Channel,50.25,-4.217,7,8,95,5,212.370694,65.8576496,
English_Channel,50.25,-4.217,14,8,95,5,97.292156,44.2509582,
English_Channel,50.25,-4.217,21,8,95,5,51.66674,20.1312596,
English_Channel,50.25,-4.217,29,8,95,5,69.31961037,31.5405814,
English_Channel,50.25,-4.217,4,9,95,5,54.725054,34.9533273,
English_Channel,50.25,-4.217,11,9,95,5,126.568584,102.2542093,
English_Channel,50.25,-4.217,18,9,95,5,60.076448,38.5974622,
English_Channel,50.25,-4.217,27,9,95,5,32.44785545,20.8364884,
English_Channel,50.25,-4.217,2,10,95,5,39.76597198,17.0723824,
English_Channel,50.25,-4.217,9,10,95,5,56.13403279,30.4846767,
English_Channel,50.25,-4.217,16,10,95,5,55.285858,40.3034241,
English_Channel,50.25,-4.217,23,10,95,5,33.059232,43.1024507,
English_Channel,50.25,-4.217,30,10,95,5,14.812596,40.5019634,
English_Channel,50.25,-4.217,6,11,95,5,13.042196,23.3051054,
English_Channel,50.25,-4.217,13,11,95,5,16.36598,18.9817549,
English_Channel,50.25,-4.217,22,11,95,5,14.969312,13.3810082,
English_Channel,50.25,-4.217,4,12,95,5,9.465974,8.127634,
English_Channel,50.25,-4.217,11,12,95,5,9.693326,8.2805872,
English_Channel,50.25,-4.217,10,1,96,5,5.822976,3.401292,
English_Channel,50.25,-4.217,15,1,96,5,7.607206,3.7310676,
English_Channel,50.25,-4.217,22,1,96,5,11.2015,1.85998,
English_Channel,50.25,-4.217,30,1,96,5,8.508138,3.5955324,
English_Channel,50.25,-4.217,6,2,96,5,13.009888,4.0933556,
English_Channel,50.25,-4.217,19,2,96,5,9.613718,6.4724261,
English_Channel,50.25,-4.217,26,2,96,5,17.609564,4.8307925,
English_Channel,50.25,-4.217,5,3,96,5,17.058242,12.4750646,
English_Channel,50.25,-4.217,11,3,96,5,13.57446,10.537878,
English_Channel,50.25,-4.217,19,3,96,5,17.544198,11.783837,
English_Channel,50.25,-4.217,25,3,96,5,19.435266,38.0772206,
English_Channel,50.25,-4.217,1,4,96,5,20.044612,20.881476,
English_Channel,50.25,-4.217,11,4,96,5,17.430538,39.57622,
English_Channel,50.25,-4.217,16,4,96,5,23.505872,32.144545,
English_Channel,50.25,-4.217,22,4,96,5,88.11262,62.338259,
English_Channel,50.25,-4.217,29,4,96,5,112.8177633,60.447996,
English_Channel,50.25,-4.217,7,5,96,5,63.76629739,78.1747893,
English_Channel,50.25,-4.217,13,5,96,5,98.35465482,49.6290848,
English_Channel,50.25,-4.217,20,5,96,5,137.3727211,80.051469,
English_Channel,50.25,-4.217,29,5,96,5,71.02819777,63.5697135,
English_Channel,50.25,-4.217,4,6,96,5,70.43860998,19.989961,
English_Channel,50.25,-4.217,10,6,96,5,63.25256989,26.90354,
English_Channel,50.25,-4.217,17,6,96,5,22.69618884,9.730212,
English_Channel,50.25,-4.217,2,7,96,5,35.028488,9.2753755,
English_Channel,50.25,-4.217,8,7,96,5,42.0414,40.1828803,
English_Channel,50.25,-4.217,15,7,96,5,60.35990711,30.9787308,
English_Channel,50.25,-4.217,22,7,96,5,53.73879081,30.5666956,
English_Channel,50.25,-4.217,29,7,96,5,63.77215949,31.4949549,
English_Channel,50.25,-4.217,7,8,96,5,53.60012879,20.7760204,
English_Channel,50.25,-4.217,12,8,96,5,145.4980547,64.554435,
English_Channel,50.25,-4.217,20,8,96,5,97.491018,64.6143052,
English_Channel,50.25,-4.217,2,9,96,5,86.654914,33.4014604,
English_Channel,50.25,-4.217,9,9,96,5,96.55443957,15.6953906,
English_Channel,50.25,-4.217,23,9,96,5,455.3914972,27.89495125,
English_Channel,50.25,-4.217,30,9,96,5,17.07088,9.6650033,
English_Channel,50.25,-4.217,7,10,96,5,28.12200611,16.68563951,
English_Channel,50.25,-4.217,14,10,96,5,26.49760563,13.6424144,
English_Channel,50.25,-4.217,21,10,96,5,51.347509,18.7900067,
English_Channel,50.25,-4.217,30,10,96,5,24.4661337,8.680614946,
English_Channel,50.25,-4.217,4,11,96,5,25.756516,14.16119273,
English_Channel,50.25,-4.217,11,11,96,5,19.173257,15.60901056,
English_Channel,50.25,-4.217,18,11,96,5,16.00211,12.827103,
English_Channel,50.25,-4.217,25,11,96,5,16.54554637,12.96050449,
English_Channel,50.25,-4.217,2,12,96,5,11.37539,10.8963591,
English_Channel,50.25,-4.217,9,12,96,5,12.284095,9.6753062,
English_Channel,50.25,-4.217,15,12,96,5,11.564502,6.19042416,
English_Channel,50.25,-4.217,6,1,97,5,9.482168,7.4798779,
English_Channel,50.25,-4.217,13,1,97,5,5.95323,6.353626511,
English_Channel,50.25,-4.217,20,1,97,5,7.0296355,4.4040788,
English_Channel,50.25,-4.217,3,2,97,5,7.72223937,3.1948956,
English_Channel,50.25,-4.217,27,2,97,5,11.57672,3.2318779,
English_Channel,50.25,-4.217,3,3,97,5,6.811517,1.624645,
English_Channel,50.25,-4.217,10,3,97,5,18.06674,9.2170304,
English_Channel,50.25,-4.217,23,3,97,5,16.66054,4.0944062,
English_Channel,50.25,-4.217,1,4,97,5,8.462375,6.1603928,
English_Channel,50.25,-4.217,7,4,97,5,28.07800509,10.9460457,
English_Channel,50.25,-4.217,14,4,97,5,43.89644528,25.0858252,
English_Channel,50.25,-4.217,21,4,97,5,40.5047876,34.0237175,
English_Channel,50.25,-4.217,28,4,97,5,28.18683179,12.8856875,
English_Channel,50.25,-4.217,6,5,97,5,42.87579764,27.892695,
English_Channel,50.25,-4.217,19,5,97,5,142.8602007,15.9102207,
English_Channel,50.25,-4.217,28,5,97,5,103.6674695,12.9313457,
English_Channel,50.25,-4.217,3,6,97,5,101.5322358,12.3384048,
English_Channel,50.25,-4.217,9,6,97,5,86.403139,27.677137,
English_Channel,50.25,-4.217,16,6,97,5,62.195172,31.3477829,
English_Channel,50.25,-4.217,23,6,97,5,44.222145,47.177223,
English_Channel,50.25,-4.217,30,6,97,5,41.717552,59.526734,
English_Channel,50.25,-4.217,7,7,97,5,25.960974,7.39979428,
English_Channel,50.25,-4.217,14,7,97,5,120.928208,25.60989699,
English_Channel,50.25,-4.217,21,7,97,5,127.5411581,23.43290063,
English_Channel,50.25,-4.217,28,7,97,5,68.62429449,5.632847789,
English_Channel,50.25,-4.217,4,8,97,5,90.307394,49.65411144,
English_Channel,50.25,-4.217,11,8,97,5,80.18978583,33.95781989,
English_Channel,50.25,-4.217,18,8,97,5,288.5642908,35.86857511,
English_Channel,50.25,-4.217,26,8,97,5,729.9186054,13.54908331,
English_Channel,50.25,-4.217,1,9,97,5,332.024533,15.88494799,
English_Channel,50.25,-4.217,8,9,97,5,232.7791949,33.55487313,
English_Channel,50.25,-4.217,15,9,97,5,123.2680319,17.67295693,
English_Channel,50.25,-4.217,22,9,97,5,91.269002,12.46174684,
English_Channel,50.25,-4.217,6,10,97,5,75.759705,13.78296626,
English_Channel,50.25,-4.217,13,10,97,5,156.9460388,31.16834219,
English_Channel,50.25,-4.217,10,11,97,5,109.8748935,10.22975895,
English_Channel,50.25,-4.217,20,11,97,5,120.8447044,27.47607717,
English_Channel,50.25,-4.217,25,11,97,5,87.479531,27.23424638,
English_Channel,50.25,-4.217,10,12,97,5,243.3179973,21.28457743,
English_Channel,50.25,-4.217,17,12,97,5,13.50148327,11.36400856,
English_Channel,50.25,-4.217,12,1,98,5,8.411443153,4.295420308,
English_Channel,50.25,-4.217,19,1,98,5,37.182662,4.895407074,
English_Channel,50.25,-4.217,26,1,98,5,11.742336,3.486402985,
English_Channel,50.25,-4.217,2,2,98,5,15.740345,4.828628448,
English_Channel,50.25,-4.217,9,2,98,5,11.180552,5.113987302,
English_Channel,50.25,-4.217,23,2,98,5,12.71878828,3.676215495,
English_Channel,50.25,-4.217,2,3,98,5,9.906450489,2.762577117,
English_Channel,50.25,-4.217,16,3,98,5,11.54496513,2.425440671,
English_Channel,50.25,-4.217,23,3,98,5,11.31538149,4.053721814,
English_Channel,50.25,-4.217,30,3,98,5,13.74512654,4.603141487,
English_Channel,50.25,-4.217,6,4,98,5,48.72337463,38.09896962,
English_Channel,50.25,-4.217,14,4,98,5,28.79635374,23.27572601,
English_Channel,50.25,-4.217,20,4,98,5,19.99762219,22.92437527,
English_Channel,50.25,-4.217,27,4,98,5,32.11816065,19.86939181,
English_Channel,50.25,-4.217,7,5,98,5,36.78725482,30.90945056,
English_Channel,50.25,-4.217,11,5,98,5,35.92552416,16.16699318,
English_Channel,50.25,-4.217,18,5,98,5,16.04756479,11.49242532,
English_Channel,50.25,-4.217,27,5,98,5,31.00416603,7.135038961,
English_Channel,50.25,-4.217,1,6,98,5,134.7901721,6.804728117,
English_Channel,50.25,-4.217,18,6,98,5,129.3028083,17.97822253,
English_Channel,50.25,-4.217,22,6,98,5,84.76915342,11.09558872,
English_Channel,50.25,-4.217,6,7,98,5,42.01148307,12.56017618,
English_Channel,50.25,-4.217,13,7,98,5,44.38663942,17.44651172,
English_Channel,50.25,-4.217,27,7,98,5,51.31037542,28.83912613,
English_Channel,50.25,-4.217,3,8,98,5,115.1945082,49.18112834,
English_Channel,50.25,-4.217,10,8,98,5,67.08159951,26.39153205,
English_Channel,50.25,-4.217,24,8,98,5,95.43523746,47.99321242,
English_Channel,50.25,-4.217,8,8,98,5,86.06865641,22.993573,
English_Channel,50.25,-4.217,28,9,98,5,85.17490359,10.06087735,
English_Channel,50.25,-4.217,5,10,98,5,66.47192238,11.60991502,
English_Channel,50.25,-4.217,12,10,98,5,80.62651019,37.01379745,
English_Channel,50.25,-4.217,19,10,98,5,77.08868457,60.32962889,
English_Channel,50.25,-4.217,10,11,98,5,66.23004552,17.27653619,
English_Channel,50.25,-4.217,16,11,98,5,29.82719719,7.43958,
English_Channel,50.25,-4.217,23,11,98,5,79.14536808,21.64253545,
English_Channel,50.25,-4.217,30,11,98,5,46.89708618,28.97009382,
English_Channel,50.25,-4.217,7,12,98,5,31.69119348,15.9210025,
English_Channel,50.25,-4.217,15,12,98,5,35.15728151,16.68658979,
English_Channel,50.25,-4.217,21,12,98,5,23.70266503,6.631009101,
English_Channel,50.25,-4.217,5,1,99,5,41.35895281,23.09725169,
English_Channel,50.25,-4.217,11,1,99,5,24.31743794,7.906592282,
English_Channel,50.25,-4.217,20,1,99,5,26.11477373,14.88619611,
English_Channel,50.25,-4.217,26,1,99,5,12.23281841,8.580084726,
English_Channel,50.25,-4.217,1,2,99,5,12.49936765,5.364733484,
English_Channel,50.25,-4.217,8,2,99,5,13.01878318,5.166129539,
English_Channel,50.25,-4.217,15,2,99,5,7.481949933,2.143692805,
English_Channel,50.25,-4.217,22,2,99,5,9.298460404,2.547910117,
English_Channel,50.25,-4.217,8,3,99,5,10.35719511,3.168094807,
English_Channel,50.25,-4.217,15,3,99,5,5.908382663,0.713196725,
English_Channel,50.25,-4.217,29,3,99,5,12.15542466,4.20691478,
English_Channel,50.25,-4.217,6,4,99,5,9.792201327,4.650046868,
English_Channel,50.25,-4.217,12,4,99,5,18.04863562,20.46943862,
English_Channel,50.25,-4.217,19,4,99,5,9.956009625,5.205162405,
English_Channel,50.25,-4.217,26,4,99,5,19.76297124,13.88005966,
English_Channel,50.25,-4.217,4,5,99,5,27.46761251,29.52853526,
English_Channel,50.25,-4.217,10,5,99,5,21.91739569,6.475181144,
English_Channel,50.25,-4.217,17,5,99,5,34.32808207,11.65798,
English_Channel,50.25,-4.217,26,5,99,5,64.11280217,37.91307517,
English_Channel,50.25,-4.217,2,6,99,5,170.7068264,14.05398696,
English_Channel,50.25,-4.217,7,6,99,5,173.1276609,5.088428788,
English_Channel,50.25,-4.217,14,6,99,5,119.0175771,23.68028395,
English_Channel,50.25,-4.217,21,6,99,5,28.19986481,17.59832703,
English_Channel,50.25,-4.217,5,7,99,5,38.45334805,31.22530491,
English_Channel,50.25,-4.217,12,7,99,5,106.0146691,50.6504384,
English_Channel,50.25,-4.217,19,7,99,5,117.0257361,29.20816425,
English_Channel,50.25,-4.217,26,7,99,5,78.12580969,21.14848413,
English_Channel,50.25,-4.217,2,8,99,5,116.7141628,9.366478509,
English_Channel,50.25,-4.217,9,8,99,5,94.83561999,21.20580498,
English_Channel,50.25,-4.217,16,8,99,5,64.49869932,28.34948185,
English_Channel,50.25,-4.217,23,8,99,5,52.03406537,38.29498654,
English_Channel,50.25,-4.217,1,9,99,5,264.0911103,223.0482914,
English_Channel,50.25,-4.217,6,9,99,5,113.6312117,37.73690925,
English_Channel,50.25,-4.217,13,9,99,5,56.97872024,15.66454339,
English_Channel,50.25,-4.217,20,9,99,5,234.4853206,106.149437,
English_Channel,50.25,-4.217,4,10,99,5,95.16817084,35.85684698,
English_Channel,50.25,-4.217,11,10,99,5,86.8668365,18.93303878,
English_Channel,50.25,-4.217,25,10,99,5,54.16486754,9.92712,
English_Channel,50.25,-4.217,3,11,99,5,73.50205863,28.39742533,
English_Channel,50.25,-4.217,8,11,99,5,106.711036,20.65085591,
English_Channel,50.25,-4.217,15,11,99,5,71.86543418,20.90265,
English_Channel,50.25,-4.217,22,11,99,5,68.51890999,25.65215985,
English_Channel,50.25,-4.217,29,11,99,5,34.8096364,11.95621261,
English_Channel,50.25,-4.217,7,12,99,5,54.07978368,38.38892162,
English_Channel,50.25,-4.217,14,12,99,5,30.69880908,8.65732479,
English_Channel,50.25,-4.217,4,1,0,5,25.27244262,6.064010594,
English_Channel,50.25,-4.217,9,1,0,5,25.75476189,12.1570688,
English_Channel,50.25,-4.217,17,1,0,5,24.15667342,4.587086423,
English_Channel,50.25,-4.217,24,1,0,5,34.6125739,6.447863407,
English_Channel,50.25,-4.217,2,2,0,5,30.62711312,6.492879872,
English_Channel,50.25,-4.217,14,2,0,5,23.08343392,3.154214408,
English_Channel,50.25,-4.217,21,2,0,5,19.31192556,2.100267471,
English_Channel,50.25,-4.217,28,2,0,5,29.68260806,2.008067524,
English_Channel,50.25,-4.217,13,3,0,5,32.19319897,1.708857218,
English_Channel,50.25,-4.217,20,3,0,5,33.21119399,3.698407865,
English_Channel,50.25,-4.217,27,3,0,5,22.435754,2.593717068,
English_Channel,50.25,-4.217,3,4,0,5,30.14900145,5.159665978,
English_Channel,50.25,-4.217,11,4,0,5,30.29619707,5.817919919,
English_Channel,50.25,-4.217,27,4,0,5,24.52765084,16.91064,
English_Channel,50.25,-4.217,3,5,0,5,46.68790906,12.88207682,
English_Channel,50.25,-4.217,8,5,0,5,29.1901642,27.71094436,
English_Channel,50.25,-4.217,15,5,0,5,35.02096321,21.93892594,
English_Channel,50.25,-4.217,31,5,0,5,34.05292142,35.50433998,
English_Channel,50.25,-4.217,5,6,0,5,77.49730952,20.550092,
English_Channel,50.25,-4.217,12,6,0,5,54.55068432,29.5271071,
English_Channel,50.25,-4.217,19,6,0,5,69.40139548,33.00437484,
English_Channel,50.25,-4.217,26,6,0,5,79.00555014,29.15021908,
English_Channel,50.25,-4.217,3,7,0,5,61.28951811,83.52786893,
English_Channel,50.25,-4.217,10,7,0,5,151.5963409,30.41204356,
English_Channel,50.25,-4.217,17,7,0,5,64.62645823,45.42366615,
English_Channel,50.25,-4.217,24,7,0,5,48.43538238,19.89451051,
English_Channel,50.25,-4.217,8,8,0,5,76.58479811,28.54098512,
English_Channel,50.25,-4.217,27,8,0,5,74.54631795,14.54170456,
English_Channel,50.25,-4.217,4,9,0,5,85.94744585,20.94545753,
English_Channel,50.25,-4.217,11,9,0,5,65.09212715,29.47476213,
English_Channel,50.25,-4.217,20,9,0,5,99.35620941,39.2469094,
English_Channel,50.25,-4.217,16,10,0,5,106.5210307,86.38859846,
English_Channel,50.25,-4.217,26,10,0,5,53.09496239,34.95156913,
English_Channel,50.25,-4.217,6,11,0,5,20.79393332,13.81665934,
English_Channel,50.25,-4.217,13,11,0,5,20.88517687,13.43674502,
English_Channel,50.25,-4.217,20,11,0,5,27.43446472,11.44991916,
English_Channel,50.25,-4.217,18,12,0,5,7.618273885,12.25894545,
English_Channel,50.25,-4.217,16,1,1,5,8.821255769,1.284019684,
English_Channel,50.25,-4.217,29,1,1,5,7.696780442,11.61541912,
English_Channel,50.25,-4.217,8,2,1,5,7.953756442,12.13396206,
English_Channel,50.25,-4.217,13,2,1,5,11.56972251,2.702858709,
English_Channel,50.25,-4.217,19,2,1,5,21.59582936,8.353497895,
English_Channel,50.25,-4.217,27,2,1,5,10.67608214,13.71251084,
English_Channel,50.25,-4.217,5,3,1,5,9.872957923,8.951063012,
English_Channel,50.25,-4.217,12,3,1,5,9.964794067,8.951419159,
English_Channel,50.25,-4.217,2,4,1,5,12.5327274,17.8303388,
English_Channel,50.25,-4.217,9,4,1,5,19.87320695,9.821248722,
English_Channel,50.25,-4.217,18,4,1,5,13.46792125,16.91477082,
English_Channel,50.25,-4.217,23,4,1,5,61.29238398,57.63336316,
English_Channel,50.25,-4.217,30,4,1,5,130.7612707,28.94455426,
English_Channel,50.25,-4.217,9,5,1,5,223.2029221,13.29490722,
English_Channel,50.25,-4.217,14,5,1,5,138.5818302,15.80146491,
English_Channel,50.25,-4.217,21,5,1,5,52.28422051,13.80535549,
English_Channel,50.25,-4.217,30,5,1,5,52.5593165,21.81702545,
English_Channel,50.25,-4.217,4,6,1,5,56.64325071,39.36748311,
English_Channel,50.25,-4.217,11,6,1,5,105.1238777,41.77777047,
English_Channel,50.25,-4.217,18,6,1,5,108.4272073,31.2838085,
English_Channel,50.25,-4.217,25,6,1,5,50.90938761,24.12071846,
English_Channel,50.25,-4.217,2,7,1,5,52.1858823,25.00276782,
English_Channel,50.25,-4.217,9,7,1,5,91.36961129,30.39595968,
English_Channel,50.25,-4.217,16,7,1,5,91.14402532,40.71152603,
English_Channel,50.25,-4.217,23,7,1,5,73.2579376,29.44755142,
English_Channel,50.25,-4.217,30,7,1,5,105.6364123,54.15300817,
English_Channel,50.25,-4.217,6,7,0,5,147.2206994,98.05276312,
English_Channel,50.25,-4.217,13,8,1,5,77.7276045,18.46293459,
English_Channel,50.25,-4.217,20,8,1,5,77.39064659,37.36592474,
English_Channel,50.25,-4.217,3,9,1,5,267.3956551,93.29999426,
English_Channel,50.25,-4.217,10,9,1,5,134.777457,16.22168804,
English_Channel,50.25,-4.217,17,9,1,5,43.84012739,22.53460895,
English_Channel,50.25,-4.217,9,10,1,5,38.9006208,28.95960813,
English_Channel,50.25,-4.217,22,10,1,5,38.05384648,17.3140432,
English_Channel,50.25,-4.217,29,10,1,5,33.52705916,13.24681737,
English_Channel,50.25,-4.217,6,11,1,5,66.45710674,35.09312105,
Iceland_basin,62.669,-22.998,11,5,1,5,9.65555317,4.303172259,
Iceland_basin,62.88,-22.138,11,5,1,5,10.11946636,5.120358585,
Iceland_basin,63.088,-21.292,11,5,1,5,123.3315158,3.925289392,
Iceland_basin,63.213,-19.99,11,5,1,5,14.42696056,3.172377739,
Iceland_basin,61.987,-25.504,12,5,1,5,11.08608651,3.523671038,
Iceland_basin,60.083,-19.844,13,5,1,5,60.46946279,5.147111005,
Iceland_basin,60.49,-19.988,13,5,1,5,37.12066565,5.054901129,
Iceland_basin,60.652,-21.328,13,5,1,5,42.06282821,5.134471373,
Iceland_basin,61.191,-22.946,13,5,1,5,17.49473589,4.700771674,
Iceland_basin,61.461,-23.811,13,5,1,5,40.06402415,7.762549599,
Iceland_basin,60.959,-17.383,14,5,1,5,17.41804111,6.24599217,
Iceland_basin,61.24,-16.608,14,5,1,5,42.40800575,6.036665167,
Iceland_basin,62.473,-15.95,15,5,1,5,22.76762734,5.077886375,
Iceland_basin,62.897,-16.276,15,5,1,5,33.56828703,6.146798513,
Iceland_basin,61.648,-15.219,16,5,1,5,46.83100256,9.265644818,
Iceland_basin,60.34,-12.007,17,5,1,5,34.86485201,8.03815985,
Iceland_basin,63.118,-8.376,23,5,1,5,57.58061224,7.367184811,
Iceland_basin,63.54,-8.389,24,5,1,5,51.53930231,10.71547259,
Iceland_basin,63.961,-8.402,24,5,1,5,25.09520059,12.83592392,
Iceland_basin,64.371,-8.461,25,5,1,5,41.1127801,11.56699687,
Iceland_basin,65.435,-9.922,25,5,1,5,156.6751469,17.03756255,
Iceland_basin,63.324,-11.896,26,5,1,5,22.48810693,13.95126036,
Iceland_basin,63.762,-11.474,26,5,1,5,51.10409738,18.45070445,
Iceland_basin,65.013,-10.284,26,5,1,5,34.89365789,17.94637356,
Iceland_basin,63.492,-11.667,28,5,1,5,77.22627479,27.76334976,
Indian_Ocean,17.833,56.85,20,6,97,5,17.833,56.85,
Indian_Ocean,17.85,56.85,21,6,97,5,17.85,56.85,
Indian_Ocean,17.883,56.917,22,6,97,5,17.883,56.917,
Indian_Ocean,17.883,56.95,23,6,97,5,17.883,56.95,
Indian_Ocean,17.95,57.2,24,6,97,15,17.95,57.2,
Indian_Ocean,17.983,57.233,25,6,97,5,17.983,57.233,
Indian_Ocean,18.183,57.317,26,6,97,5,18.183,57.317,
Indian_Ocean,18.2,57.317,27,6,97,5,18.2,57.317,
Indian_Ocean,18.333,57.4,28,6,97,5,18.333,57.4,
Indian_Ocean,18.367,57.417,29,6,97,25,18.367,57.417,
Indian_Ocean,17.783,57.583,5,7,97,5,17.783,57.583,
Indian_Ocean,17.5,57.717,6,7,97,15,17.5,57.717,
Indian_Ocean,17.35,57.85,7,7,97,5,17.35,57.85,
Indian_Ocean,17.583,59.1,3,7,97,10,17.583,59.1,
Indian_Ocean,16.8,60.5,2,7,97,25,16.8,60.5,
Indian_Ocean,15.983,62,1,7,97,10,15.983,62,
Irminger_Sea,63.744,-37.493,11,5,2,10,25.24243626,7.56049601,
Irminger_Sea,65.338,-33.607,16,5,2,10,29.68472391,13.13802186,
Irminger_Sea,64.96,-32.506,17,5,2,10,195.8352507,16.36012492,
Irminger_Sea,64.181,-31.492,18,5,2,10,77.88691384,14.43161179,
Irminger_Sea,63.286,-30.406,19,5,2,10,13.50079528,18.83805709,
Irminger_Sea,62.65,-29.25,20,5,2,10,7.332825147,20.32740358,
Irminger_Sea,61.686,-27.046,21,5,2,10,7.736044219,33.75663724,
Irminger_Sea,61.16,-25.434,22,5,2,10,4.437324074,37.52986905,Average_1-15_m
long_island_sound,41.283,-72.033,5,2,1,7.5,45.50837281,0.812691462,Average_1-15_m
long_island_sound,41.283,-72.033,12,2,1,7.5,94.32617191,3.051342601,Average_1-15_m
long_island_sound,41.283,-72.033,19,2,1,7.5,245.4987561,6.516708436,Average_1-15_m
long_island_sound,41.283,-72.033,26,2,1,7.5,19.65457378,2.629053733,Average_1-15_m
long_island_sound,41.283,-72.033,12,3,1,7.5,50.96946693,4.789222924,Average_1-15_m
long_island_sound,41.283,-72.033,19,3,1,7.5,221.821223,3.735182613,Average_1-15_m
long_island_sound,41.283,-72.033,26,3,1,7.5,334.5472113,9.182192223,
North_Sea,55.763,-1.933,6,7,95,4.5,1.519314343,0.036254428,
North_Sea,55.912,-1.587,7,4,95,4.2,2.0503118,1.03904,
North_Sea,55.534,-1.336,14,10,94,3.5,2.326616066,0.168169399,
North_Sea,54.934,-1.317,5,7,95,3.4,3.015806027,0.15608459,
North_Sea,54.931,-1.308,6,4,95,4.1,3.0309928,0.73082,
North_Sea,54.699,-1.107,10,4,95,3.7,3.0638552,0.47506,
North_Sea,55.494,-1.07,10,6,95,4.3,3.233550485,0.536228324,
North_Sea,55.206,-1.031,11,6,95,3.7,3.3754041,0.7248,
North_Sea,54.572,-0.722,13,10,94,3.4,3.4819961,0.4431,
North_Sea,54.754,-0.312,15,10,94,3.7,3.4819961,0.4431,
North_Sea,53.856,-0.032,5,4,95,4,3.556450259,0.154404516,
North_Sea,53.8,0.06,8,7,95,4.1,3.589354756,0.308944765,
North_Sea,53.73,0.145,10,10,94,3.6,3.803971272,0.227754752,
North_Sea,53.636,0.174,9,7,95,4.9,3.8568869,0.52066,
North_Sea,54.128,0.227,8,4,95,4.8,3.9071058,1.69806,
North_Sea,53.743,0.227,12,10,94,3.9,3.9131058,1.69806,
North_Sea,54.124,0.233,7,7,95,4.7,4.025606391,0.224541898,
North_Sea,53.966,0.299,6,6,95,3.8,4.1063495,0.72304,
North_Sea,53.76,0.314,4,6,95,4.1,4.1063495,0.72304,
North_Sea,53.309,0.36,2,4,95,4.6,4.242147682,2.731844586,
North_Sea,52.989,0.4,11,7,95,3.2,4.442366,1.47658,
North_Sea,53.324,0.413,1,7,95,3.1,4.446366,1.47658,
North_Sea,53.321,0.42,6,6,95,3.9,4.4531674,1.03028,
North_Sea,53.957,0.422,8,10,94,3.6,4.6702606,0.62664,
North_Sea,53.36,0.467,11,4,95,3.8,5.0991541,0.356,
North_Sea,53.251,0.651,2,7,95,4.6,5.0991541,0.356,
North_Sea,53.244,0.653,2,4,95,3.8,5.2519177,0.71159,
North_Sea,53.252,0.656,3,4,95,3.7,5.2637945,2.713845,
North_Sea,53.256,0.657,7,6,95,4.1,5.2817945,2.713845,
North_Sea,53.73,0.657,10,7,95,4,5.4279615,1.49654,
North_Sea,53.521,0.685,8,6,95,3.7,5.471789372,0.359759342,
North_Sea,53.314,0.702,5,6,95,3.9,5.501260493,0.257941975,
North_Sea,53.632,0.86,3,6,95,4.1,5.5242106,1.4713,
North_Sea,53.083,0.939,11,10,94,3.6,5.625079,0.87532,
North_Sea,53.656,0.959,4,4,95,3.8,5.6287138,3.17355,
North_Sea,53.655,0.965,1,7,95,3.4,5.6487138,3.17355,
North_Sea,53.081,0.986,2,4,95,4.6,5.7317596,1.6027,
North_Sea,53.081,0.988,2,4,95,4,5.7317596,1.6027,
North_Sea,53.093,1.138,2,6,95,4.1,5.7342673,3.83385,
North_Sea,52.899,1.514,9,4,95,3.6,5.8408661,1.65408,
North_Sea,52.95,1.84,3,7,95,3.2,5.8448661,1.65408,
Norwegian_Sea,66,2,30,3,97,5,2.505907587,0.352461331,
Norwegian_Sea,66,2,31,3,97,5,1.454535076,0.140868442,
Norwegian_Sea,66,2,2,4,97,5,2.549762273,0.240211065,
Norwegian_Sea,66,2,7,4,97,5,2.686845744,0.467497949,
Norwegian_Sea,66,2,9,4,97,5,2.069105665,0.422196351,
Norwegian_Sea,66,2,23,4,97,5,2.589893453,4.61721213,
Norwegian_Sea,66,2,24,4,97,5,2.884167042,0.718596351,
Norwegian_Sea,66,2,28,4,97,5,14.86132816,0.616920533,
Norwegian_Sea,66,2,7,5,97,5,19.5580914,0.656524874,
Norwegian_Sea,66,2,9,5,97,5,24.75950767,0.750401598,
Norwegian_Sea,66,2,20,5,97,5,18.59973792,0.788617417,
Norwegian_Sea,66,2,22,5,97,5,4.322796122,0.928002663,
Norwegian_Sea,66,2,27,5,97,5,3.325736099,1.472428975,
Norwegian_Sea,66,2,29,5,97,5,3.110453736,1.083888442,
Norwegian_Sea,66,2,1,6,97,5,89.61220145,1.896217683,
Norwegian_Sea,66,2,2,6,97,5,19.54106418,4.453430813,
Norwegian_Sea,66,2,3,6,97,5,2.566400443,7.566616884,
Norwegian_Sea,66,2,4,6,97,6,14.63307498,9.956400426,
Norwegian_Sea,66,2,5,6,97,5,54.42842142,10.46896618,
Oregon_Upwelling,44.667,-124.167,18,5,1,5,72.66333768,8.571984885,
Oregon_Upwelling,44.667,-124.167,16,6,1,5,17.53136356,8.342142478,
Oregon_Upwelling,44.667,-124.167,27,6,1,5,409.5714605,6.700333814,
Oregon_Upwelling,44.667,-124.167,18,7,1,5,227.3719669,17.8317524,
Oregon_Upwelling,44.667,-124.167,31,7,1,5,25.75117782,31.3911889,
Oregon_Upwelling,44.667,-124.167,18,9,1,5,184.4079847,29.46333869,
North_Atlantic,59.15,-20.09,19,6,96,10,22.81330534,1.76971943,
North_Atlantic,59.052,-20.091,20,6,96,10,44.90960413,3.880948318,
North_Atlantic,59.145,-20.324,21,6,96,10,14.85276412,0.869230961,
North_Atlantic,59.135,-20.098,22,6,96,10,152.3969455,5.64263246,
North_Atlantic,59,-20.025,23,6,96,10,102.8176766,3.752828156,
North_Atlantic,59.062,-20.614,24,6,96,10,67.59816963,7.235021098,
North_Atlantic,59.08,-20.436,25,6,96,10,119.7677892,11.2549627,
North_Atlantic,59.18,-20.48,26,6,96,10,107.1401432,4.287498369,
AMT1,-50.801,-57.417,24,10,95,7,6.097085926,1.235736954,
AMT1,-46.001,-56.284,23,10,95,7,7.188474596,4.443101155,
AMT1,-40.95,-55.233,22,10,95,40,5.573176511,0.749390843,
AMT1,-33.184,-46.419,17,10,95,40,5.42717608,0.296038943,
AMT1,-30.284,-43.384,16,10,95,7,2.869668883,0.911622155,
AMT1,-27.034,-40.135,15,10,95,7,3.663196612,0.778553218,
AMT1,-23.784,-37.384,14,10,95,7,3.815750333,0.728225881,
AMT1,-19.636,-35.352,13,10,95,7,50.50843856,0.844844317,
AMT1,-15.568,-33.436,12,10,95,7,3.547855298,0.795278762,
AMT1,-11.467,-31.55,11,10,95,7,4.687212807,0.824425658,
AMT1,-7.002,-29.501,10,10,95,7,7.019240468,0.596263588,
AMT1,-2.751,-27.518,9,10,95,90,16.47312904,7.892577728,
AMT1,1.386,-25.7,8,10,95,80,3.063167737,0.811697304,
AMT1,5.35,-23.968,7,10,95,80,6.627263962,0.726398766,
AMT1,9.235,-22.202,6,10,95,60,5.252820953,0.788009704,
AMT1,27.369,-21.833,2,10,95,7,7.593578025,0.969057869,
AMT1,13.051,-20.433,5,10,95,7,7.230257366,0.872284724,
AMT1,19.486,-20.384,4,10,95,30,9.517533405,0.815909128,
AMT1,23.284,-20.152,3,10,95,7,4.42955152,1.30442434,
AMT1,33.586,-20.05,30,9,95,7,52.59916093,1.799592042,
AMT1,42.25,-20.003,28,9,95,7,4.004106035,1.335469142,
AMT1,37.901,-19.985,29,9,95,7,16.2856504,0.966683283,
AMT1,47.001,-19.935,27,9,95,7,11.67654908,4.246837349,
AMT1,47.919,-14.835,26,9,95,40,160.6266625,4.595340115,
AMT1,48.919,-9.136,25,9,95,7,3.614670991,0.435888405,
AMT2,-47.633,-55.934,23,4,96,7,6.895476967,1.147042645,
AMT2,-43.418,-54.734,24,4,95,7,5.014189759,0.798576431,
AMT2,-39.401,-53.318,25,4,95,7,4.493626505,0.112775748,
AMT2,-36.05,-49.802,29,4,96,80,5.049939516,0.702435365,
AMT2,-33.383,-46.618,30,4,96,7,18.82964252,0.967682425,
AMT2,-30.3,-43.417,1,5,96,7,7.266367758,0.683823626,
AMT2,-27.45,-40.702,2,5,96,80,8.838749847,0.492204181,
AMT2,-24.351,-37.853,3,5,96,7,10.45025324,1.083160292,
AMT2,-19.901,-35.518,4,5,96,80,6.83425788,1.053969287,
AMT2,-15.168,-33.301,5,5,96,150,7.892863735,2.576056552,
AMT2,-11.234,-31.452,6,5,96,70,11.4956613,0.57005381,
AMT2,-7.469,-29.751,7,5,96,100,7.717344548,0.735112709,
AMT2,-3.919,-28.202,8,5,96,60,7.486778775,1.120375832,
AMT2,0.183,-26.4,9,5,96,70,10.38153995,1.171288895,
AMT2,3.402,-24.785,10,5,96,60,13.27542542,3.919988174,
AMT2,7.567,-22.935,11,5,96,50,9.288735009,2.027850552,
AMT2,26.534,-21.786,15,5,96,7,12.62542777,1.11185718,
AMT2,19.901,-21.317,14,5,96,7,67.07963401,2.620654052,
AMT2,30.918,-21.268,16,5,96,7,26.96653182,4.233124279,
AMT2,11.735,-21.05,12,5,96,40,19.74491606,4.13447054,
AMT2,35.65,-20.417,17,5,96,7,15.50980416,10.95725904,
AMT2,44.119,-20.003,19,5,96,50,43.74986885,8.063297381,
AMT2,39.886,-19.986,18,5,96,40,15.46985828,5.536763936,
AMT2,46.485,-14.052,20,5,96,7,69.78875095,9.180791113,
AMT2,48.75,-8.1,21,5,96,30,4.430802226,0.397559429,
AMT3,-51.919,-57.885,25,10,96,7,11.95759672,0.607517872,
AMT3,-48,-55.869,24,10,96,7,7.285677419,0.568102358,
AMT3,-43.569,-55.018,23,10,96,7,6.670040099,0.82720525,
AMT3,-37.801,-52.185,16,10,96,40,7.720629387,1.860263631,
AMT3,-35.702,-49.567,15,10,96,7,4.317695147,1.262566641,
AMT3,-32.8,-46.117,14,10,96,40,10.59552913,2.650418646,
AMT3,-29.85,-42.902,13,10,96,50,26.73381882,0.633876969,
AMT3,-26.603,-39.6,12,10,96,95,5.895420649,1.90466876,
AMT3,-22.919,-36.951,11,10,96,60,5.763533401,1.463843642,
AMT3,-18.853,-35.036,10,10,96,75,5.429629415,1.724654678,
AMT3,-14.884,-33.118,9,10,96,60,5.928876164,0.933180473,
AMT3,-10.769,-31.235,8,10,96,75,8.607984453,1.884406344,
AMT3,-6.483,-29.267,7,10,96,110,8.973542141,2.803853957,
AMT3,-2.384,-27.451,6,10,96,7,10.89825407,2.825243672,
AMT3,1.284,-25.769,5,10,96,80,8.334360662,2.984426813,
AMT3,5.167,-24.017,4,10,96,7,4.318815166,1.914350676,
AMT3,9.05,-22.268,3,10,96,50,12.89958417,3.184963996,
AMT3,29.485,-21.801,28,9,96,7,10.62526169,2.927138437,
AMT3,24.668,-21.4,29,9,96,7,43.93772968,2.075739789,
AMT3,34.033,-21.251,27,9,96,80,10.80657247,5.017251262,
AMT3,20.084,-20.619,30,9,96,7,10.62149894,5.847399086,
AMT3,12.752,-20.535,2,10,96,40,24.29671204,3.308703223,
AMT3,38.167,-20.002,26,9,96,40,19.96907337,9.067234796,
AMT3,42.9,-19.985,25,9,96,40,29.44961567,4.328924731,
AMT3,47.367,-18.202,24,9,96,7,3.446676772,0.460665858,
AMT4,-50.978,-57.303,21,4,97,7,3.151635377,0.580068727,
AMT4,-47.622,-55.947,22,4,97,7,2.611531733,0.542111096,
AMT4,-43.492,-54.4,23,4,97,7,5.249971111,1.927177008,
AMT4,-35.65,-49.817,30,4,97,7,5.097977718,0.557328386,
AMT4,-32.617,-46.2,1,5,97,7,4.436535929,1.014420975,
AMT4,-29.336,-42.647,2,5,97,7,6.058336102,1.02616412,
AMT4,-26.106,-39.183,3,5,97,7,6.12853368,1.310414936,
AMT4,-22.164,-36.622,4,5,97,7,6.554067033,0.962011012,
AMT4,-18.269,-34.775,5,5,97,7,10.99240211,1.095769011,
AMT4,-14.125,-32.842,6,5,97,7,7.479073048,0.902181078,
AMT4,-10.036,-30.956,7,5,97,7,6.848247066,0.955215873,
AMT4,-5.9,-29.083,8,5,97,7,2.821100276,0.425703317,
AMT4,-2.031,-27.336,9,5,97,7,7.544068763,1.563279533,
AMT4,0.142,-26.478,10,5,97,7,8.924135312,0.938542284,
AMT4,6.092,-23.642,11,5,97,7,13.36730129,0.408855246,
AMT4,10.061,-21.928,12,5,97,7,6.237205158,0.896417059,
AMT4,26.283,-21.886,16,5,97,40,6.919315855,2.670431217,
AMT4,22.169,-21.558,15,5,97,60,8.685634161,3.420063262,
AMT4,33.739,-21.303,18,5,97,7,46.78609146,2.358626528,
AMT4,17.783,-21.217,14,5,97,30,14.46283611,0.996147878,
AMT4,47.006,-20.008,22,5,97,7,19.30608225,2.057951331,
AMT4,39.875,-20.003,20,5,97,7,15.71549068,4.373188465,
AMT4,43.967,-19.992,21,5,97,90,17.12373171,3.115055375,
AMT4,48.064,-13.986,23,5,97,7,27.40009827,3.163390231,
AMT4,48.958,-8.767,24,5,97,7,5.60883912,2.707965884,
AMT4,50.069,-3.469,25,5,97,15,72.94750257,38.08930974,
AMT4,51.717,1.789,26,5,97,7,2.289150222,0.129763906,
AMT5,35.458,-20.539,22,9,97,85,2.824957493,0.298726392,
AMT5,-46.053,-56.7,15,10,97,35,3.304883786,0.627021105,
AMT5,-42.242,-54.458,14,10,97,2,2.585531337,0.721087867,
AMT5,-38.836,-51.928,13,10,97,25,4.295736243,0.452865516,
AMT5,-35.483,-48.867,12,10,97,2,3.073828925,0.808955289,
AMT5,-31.622,-44.867,11,10,97,2,4.93217775,0.546978749,
AMT5,-27.694,-40.967,10,10,97,2,6.226377789,0.890997874,
AMT5,-23.906,-37.286,9,10,97,2,6.585636274,0.77657489,
AMT5,-20.669,-34.231,8,10,97,2,4.438282913,0.313572408,
AMT5,-16.686,-32.372,7,10,97,2,5.992674289,0.730864634,
AMT5,-12.883,-30.708,6,10,97,2,4.177117821,0.533047788,
AMT5,-8.967,-29.125,5,10,97,2,2.064633448,0.45355346,
AMT5,-4.789,-27.369,4,10,97,60,4.132220706,1.761331934,
AMT5,-0.786,-25.672,3,10,97,75,3.139562537,0.70020265,
AMT5,2.817,-24.172,2,10,97,48,10.27264683,1.943138054,
AMT5,7.033,-22.475,1,10,97,40,6.345849759,1.532943302,
AMT5,24.136,-21.008,27,9,97,2,29.67398921,2.33440424,
AMT5,29.056,-20.969,26,9,97,2,9.04955676,2.119522543,
AMT5,10.925,-20.872,30,9,97,30,11.3189558,0.921418789,
AMT5,19.722,-20.536,28,9,97,2,14.96457194,6.21033384,
AMT5,38.717,-20.019,21,9,97,2,26.06290562,3.096039547,
AMT5,42.847,-19.972,20,9,97,40,16.21609371,2.175180105,
AMT5,47.178,-18.492,19,9,97,2,10.84235678,4.652300881,
AMT5,47.983,-13.208,18,9,97,2,824.7038826,9.833274067,